{"mse": 28.680082321166992, "_timestamp": 1716851288.9009001, "_runtime": 62.22387218475342, "_step": 0, "_wandb": {"runtime": 61}}