{"mse": 6.2155585289001465, "_timestamp": 1716852533.8161418, "_runtime": 60.27573585510254, "_step": 0, "_wandb": {"runtime": 59}}