{"mse": 14.176410675048828, "_timestamp": 1716763483.4853535, "_runtime": 11.802621364593506, "_step": 0, "_wandb": {"runtime": 11}}