{"loss": -0.45013684302568435, "_timestamp": 1716230524.6438398, "_runtime": 485.1153497695923, "_step": 99, "_wandb": {"runtime": 484}}