{"mse": 14.200547218322754, "_timestamp": 1716765917.7340665, "_runtime": 23.341724395751953, "_step": 0, "_wandb": {"runtime": 22}}