{"mse": 25.829486846923828, "_timestamp": 1716840934.4149647, "_runtime": 5.271705627441406, "_step": 0, "_wandb": {"runtime": 4}}