{"mse": 25.75233268737793, "_timestamp": 1716767440.5055244, "_runtime": 144.0354244709015, "_step": 0, "_wandb": {"runtime": 143}}