{"mse": 12.949501037597656, "_timestamp": 1716840851.969985, "_runtime": 6.513124942779541, "_step": 0, "_wandb": {"runtime": 6}}