{"loss": -0.5404232541720072, "mse": 0.13718287398417792, "_timestamp": 1716233885.3582218, "_runtime": 154.64334988594055, "_step": 199, "_wandb": {"runtime": 154}}