{"mse": 14.147461891174316, "_timestamp": 1716765966.4499762, "_runtime": 40.12971019744873, "_step": 0, "_wandb": {"runtime": 39}}