{"loss": -0.9118027687072754, "mse": 0.08894550800323486, "_timestamp": 1716237673.7965102, "_runtime": 8.33039927482605, "_step": 199, "_wandb": {"runtime": 28}}