{"mse": 5.615359306335449, "_timestamp": 1716854791.2293057, "_runtime": 60.39351463317871, "_step": 0, "_wandb": {"runtime": 59}}