{"mse": 20112.84375, "_timestamp": 1716856510.725156, "_runtime": 25.322508096694946, "_step": 0, "_wandb": {"runtime": 24}}