{"mse": 1244639.75, "_timestamp": 1716856577.2219596, "_runtime": 23.84151864051819, "_step": 0, "_wandb": {"runtime": 23}}