{"mse": 7.39364767074585, "_timestamp": 1716763418.9569573, "_runtime": 20.668546438217163, "_step": 0, "_wandb": {"runtime": 20}}