{"mse": 28.620023727416992, "_timestamp": 1716764160.7364142, "_runtime": 70.95972108840942, "_step": 0, "_wandb": {"runtime": 70}}