{"mse": 4.889077186584473, "_timestamp": 1716850946.7626393, "_runtime": 31.495304346084595, "_step": 0, "_wandb": {"runtime": 30}}