{"mse": 5.615359306335449, "_timestamp": 1716855548.8634188, "_runtime": 111.05019092559814, "_step": 0, "_wandb": {"runtime": 110}}