{"mse": 9.123933792114258, "_timestamp": 1716763914.5351694, "_runtime": 37.73708724975586, "_step": 0, "_wandb": {"runtime": 37}}