{"mse": 39.01142883300781, "_timestamp": 1716857479.405359, "_runtime": 753.3577611446381, "_step": 0, "_wandb": {"runtime": 752}}