{"mse": 29.787559509277344, "_timestamp": 1716858908.4208112, "_runtime": 707.4153451919556, "_step": 0, "_wandb": {"runtime": 706}}