{"mse": 14.147461891174316, "_timestamp": 1716763566.4362485, "_runtime": 37.51150965690613, "_step": 0, "_wandb": {"runtime": 37}}