{"mse": 25.449617385864258, "_timestamp": 1716764765.4864094, "_runtime": 37.62798738479614, "_step": 0, "_wandb": {"runtime": 37}}