{"mse": 158336784.0, "_timestamp": 1716856196.672679, "_runtime": 19.51669192314148, "_step": 0, "_wandb": {"runtime": 18}}