{"mse": 11778.48828125, "_timestamp": 1716856139.501348, "_runtime": 19.07206106185913, "_step": 0, "_wandb": {"runtime": 18}}