{"mse": 6.699957847595215, "_timestamp": 1716763753.953416, "_runtime": 37.531798124313354, "_step": 0, "_wandb": {"runtime": 37}}