{"mse": 29.268051147460938, "_timestamp": 1716763617.2568219, "_runtime": 20.866591930389404, "_step": 0, "_wandb": {"runtime": 20}}