{"mse": 28.73914909362793, "_timestamp": 1716851177.5213857, "_runtime": 17.84230375289917, "_step": 0, "_wandb": {"runtime": 17}}