{"mse": 2977596.5, "_timestamp": 1716856382.076754, "_runtime": 26.898742198944092, "_step": 0, "_wandb": {"runtime": 26}}