{"mse": 9.204763412475586, "_timestamp": 1716840627.1235983, "_runtime": 4.697720289230347, "_step": 0, "_wandb": {"runtime": 4}}