{"mse": 5.615359306335449, "_timestamp": 1716855970.213719, "_runtime": 122.48172092437744, "_step": 0, "_wandb": {"runtime": 121}}