{"mse": 5.615359306335449, "_timestamp": 1716854445.297955, "_runtime": 61.498592138290405, "_step": 0, "_wandb": {"runtime": 60}}