{"mse": 8.02437973022461, "_timestamp": 1716766997.584488, "_runtime": 74.4702730178833, "_step": 0, "_wandb": {"runtime": 73}}