{"mse": 5.615359306335449, "_timestamp": 1716854097.6229424, "_runtime": 62.33056950569153, "_step": 0, "_wandb": {"runtime": 61}}