{"mse": 6.229852676391602, "_timestamp": 1716852909.894794, "_runtime": 234.44830298423767, "_step": 0, "_wandb": {"runtime": 233}}