{"mse": 5.043464660644531, "_timestamp": 1716766627.5427537, "_runtime": 40.69569778442383, "_step": 0, "_wandb": {"runtime": 40}}