{"mse": 63652.16015625, "_timestamp": 1716856058.0203848, "_runtime": 27.541285753250122, "_step": 0, "_wandb": {"runtime": 27}}