{"mse": 8996246.0, "_timestamp": 1716856721.946013, "_runtime": 48.90546107292175, "_step": 0, "_wandb": {"runtime": 48}}