{"mse": 29.23921012878418, "_timestamp": 1716763670.1482568, "_runtime": 37.19948387145996, "_step": 0, "_wandb": {"runtime": 36}}