{"mse": 20.070323944091797, "_timestamp": 1716853344.9354317, "_runtime": 232.4361686706543, "_step": 0, "_wandb": {"runtime": 231}}