{"mse": 4.954075336456299, "_timestamp": 1716763835.4614487, "_runtime": 72.35229277610779, "_step": 0, "_wandb": {"runtime": 71}}