{"mse": 7.194619178771973, "_timestamp": 1716840718.1428459, "_runtime": 6.304149866104126, "_step": 0, "_wandb": {"runtime": 5}}