{"mse": 28.620023727416992, "_timestamp": 1716766579.5605059, "_runtime": 76.88503885269165, "_step": 0, "_wandb": {"runtime": 76}}