{"mse": 16.664215087890625, "_timestamp": 1716840867.7023625, "_runtime": 6.362685441970825, "_step": 0, "_wandb": {"runtime": 5}}