{"mse": 28.594148635864258, "_timestamp": 1716766487.0019932, "_runtime": 40.46906924247742, "_step": 0, "_wandb": {"runtime": 39}}