{"mse": 29.104005813598633, "_timestamp": 1716840830.6507294, "_runtime": 5.186819314956665, "_step": 0, "_wandb": {"runtime": 4}}