{"mse": 3.94071102142334, "_timestamp": 1716852099.4856591, "_runtime": 61.646910190582275, "_step": 0, "_wandb": {"runtime": 61}}