{"mse": 1311276.75, "_timestamp": 1716856255.552675, "_runtime": 20.334101915359497, "_step": 0, "_wandb": {"runtime": 19}}