{"mse": 5.615359306335449, "_timestamp": 1716854516.1979377, "_runtime": 60.92488479614258, "_step": 0, "_wandb": {"runtime": 60}}