{"mse": 5.615359306335449, "_timestamp": 1716854168.7070863, "_runtime": 61.21194124221802, "_step": 0, "_wandb": {"runtime": 60}}