{"mse": 5.043464660644531, "_timestamp": 1716764205.2686052, "_runtime": 37.25823521614075, "_step": 0, "_wandb": {"runtime": 36}}