{"mse": 6.933113098144531, "_timestamp": 1716766916.8268297, "_runtime": 40.50732469558716, "_step": 0, "_wandb": {"runtime": 40}}