{"mse": 6.933113098144531, "_timestamp": 1716764490.2987041, "_runtime": 38.06415820121765, "_step": 0, "_wandb": {"runtime": 37}}