{"mse": 25.133575439453125, "_timestamp": 1716764843.8333952, "_runtime": 70.2224862575531, "_step": 0, "_wandb": {"runtime": 69}}