{"mse": 0.9553552865982056, "loss": 0.3383629382401705, "_timestamp": 1716234425.7843843, "_runtime": 14.539828300476074, "_step": 99, "_wandb": {"runtime": 14}}