{"mse": 5.615359306335449, "_timestamp": 1716854306.211138, "_runtime": 62.293384075164795, "_step": 0, "_wandb": {"runtime": 61}}