{"mse": 4.67991304397583, "_timestamp": 1716764445.0180182, "_runtime": 138.86883234977722, "_step": 0, "_wandb": {"runtime": 138}}