{"mse": 3.9957292079925537, "_timestamp": 1716852224.1732516, "_runtime": 118.28810453414917, "_step": 0, "_wandb": {"runtime": 117}}