{"mse": 25.133575439453125, "_timestamp": 1716767288.0741625, "_runtime": 74.20589351654053, "_step": 0, "_wandb": {"runtime": 73}}