{"mse": 5.615359306335449, "_timestamp": 1716853810.447747, "_runtime": 65.91453003883362, "_step": 0, "_wandb": {"runtime": 65}}