{"mse": 29.060529708862305, "_timestamp": 1716841019.538222, "_runtime": 6.253908157348633, "_step": 0, "_wandb": {"runtime": 5}}