{"mse": 5.920835971832275, "_timestamp": 1716764287.1373003, "_runtime": 73.25153422355652, "_step": 0, "_wandb": {"runtime": 72}}