{"mse": 28.73638343811035, "_timestamp": 1716851218.3732588, "_runtime": 32.86333894729614, "_step": 0, "_wandb": {"runtime": 32}}