{"mse": 7.861575603485107, "_timestamp": 1716763995.558714, "_runtime": 72.08309483528137, "_step": 0, "_wandb": {"runtime": 71}}