{"mse": 5.615359306335449, "_timestamp": 1716855837.1167133, "_runtime": 129.36900734901428, "_step": 0, "_wandb": {"runtime": 128}}