{"mse": 5.347728252410889, "_timestamp": 1716850906.3042176, "_runtime": 17.863856554031372, "_step": 0, "_wandb": {"runtime": 17}}