{"mse": 14.200547218322754, "_timestamp": 1716763512.268335, "_runtime": 20.003486156463623, "_step": 0, "_wandb": {"runtime": 19}}