{"mse": 20.04507827758789, "_timestamp": 1716852979.7983181, "_runtime": 59.275288105010986, "_step": 0, "_wandb": {"runtime": 58}}