{"mse": 8.707525253295898, "_timestamp": 1716763866.3912795, "_runtime": 20.126230478286743, "_step": 0, "_wandb": {"runtime": 19}}