{"mse": 8.228555679321289, "_timestamp": 1716851648.5971677, "_runtime": 61.80951476097107, "_step": 0, "_wandb": {"runtime": 61}}