{"mse": 5.144497871398926, "_timestamp": 1716766099.6171076, "_runtime": 23.163711547851562, "_step": 0, "_wandb": {"runtime": 22}}