{"mse": 6.089266777038574, "_timestamp": 1716852669.0918899, "_runtime": 117.35129189491272, "_step": 0, "_wandb": {"runtime": 116}}