{"mse": 4.269240379333496, "_timestamp": 1716851404.366052, "_runtime": 62.5681848526001, "_step": 0, "_wandb": {"runtime": 61}}