{"mse": 3211418.25, "_timestamp": 1716856883.028174, "_runtime": 52.962486028671265, "_step": 0, "_wandb": {"runtime": 52}}