{"mse": 23834.30859375, "_timestamp": 1716856822.7579954, "_runtime": 35.62963533401489, "_step": 0, "_wandb": {"runtime": 34}}