{"mse": 5.885206699371338, "_timestamp": 1716767146.6374414, "_runtime": 141.38938450813293, "_step": 0, "_wandb": {"runtime": 140}}