{"mse": 4.287563800811768, "_timestamp": 1716851331.9594548, "_runtime": 32.98846387863159, "_step": 0, "_wandb": {"runtime": 32}}