{"mse": 5.615359306335449, "_timestamp": 1716854583.4800134, "_runtime": 59.894917488098145, "_step": 0, "_wandb": {"runtime": 59}}