{"mse": 29.32617950439453, "_timestamp": 1716855497.3692055, "_runtime": 204.35179448127747, "_step": 0, "_wandb": {"runtime": 203}}