{"mse": 3135722.5, "_timestamp": 1716856478.5833678, "_runtime": 24.235888719558716, "_step": 0, "_wandb": {"runtime": 23}}