{"mse": 28.471853256225586, "_timestamp": 1716766438.0171, "_runtime": 23.32255721092224, "_step": 0, "_wandb": {"runtime": 22}}