{"mse": 9.123933792114258, "_timestamp": 1716766319.7641094, "_runtime": 40.014363288879395, "_step": 0, "_wandb": {"runtime": 39}}