{"mse": 12.04837417602539, "_timestamp": 1716851082.8412304, "_runtime": 32.19937038421631, "_step": 0, "_wandb": {"runtime": 31}}