{"mse": 4.287442207336426, "_timestamp": 1716851534.8464801, "_runtime": 119.81015110015869, "_step": 0, "_wandb": {"runtime": 119}}