{"acc": {"_type": "histogram", "values": [40, 33, 23, 24, 29, 22, 15, 9, 14, 12, 22, 11, 14, 23, 67, 224, 63, 36, 23, 20, 13, 18, 14, 13, 15, 21, 26, 24, 21, 29, 40, 42], "bins": [-5.826991558074951, -5.4575371742248535, -5.088082790374756, -4.718628406524658, -4.349174499511719, -3.979719877243042, -3.6102657318115234, -3.240811347961426, -2.871356964111328, -2.5019025802612305, -2.132448196411133, -1.7629940509796143, -1.3935396671295166, -1.024085283279419, -0.6546310186386108, -0.28517669439315796, 0.08427762985229492, 0.4537319540977478, 0.8231862783432007, 1.1926405429840088, 1.5620949268341064, 1.931549310684204, 2.3010034561157227, 2.6704578399658203, 3.039912223815918, 3.4093666076660156, 3.7788209915161133, 4.148275375366211, 4.517729759216309, 4.887183666229248, 5.256638050079346, 5.626092433929443, 5.995546817779541]}, "loss": [0.9816305351257324, 0.9193602347373963, 0.8136391949653625, 0.6342979109287262, 0.41030438542366027, 0.1940028239786625, 0.056756092235445976, -0.02205247665755451, -0.08388270311057568, -0.13273398669436573, -0.17141407720046117, -0.20417460516095162, -0.23270007006824017, -0.2564517975971103, -0.2775780490040779, -0.29612946555018427, -0.31304911196231844, -0.32880415916442873, -0.34400608092546464, -0.3565594506263733, -0.3680105918645859, -0.3777191787958145, -0.38610039472579955, -0.3931768590211868, -0.3996329402923584, -0.40524022102355955, -0.40985500931739804, -0.4137982314825058, -0.4164124822616577, -0.41869566798210145, -0.42063734829425814, -0.42202734649181367, -0.42332793354988096, -0.4244189894199371, -0.42499386429786684, -0.4253907263278961, -0.4261644381284714, -0.4269979709386826, -0.4272287678718567, -0.4272869336605072, -0.4277294164896011, -0.42785072088241577, -0.42792741775512694, -0.42796455025672914, -0.4277478468418121, -0.4276169788837433, -0.4278537100553513, -0.4279262411594391, -0.42806361556053163, -0.42824235916137693, -0.4283057814836502, -0.42835231840610505, -0.4283243638277054, -0.4285013091564178, -0.42854217112064363, -0.42874766767024997, -0.42871485114097596, -0.42867565155029297, -0.4287232452630997, -0.4286200141906738, -0.42891297101974485, -0.42916779398918153, -0.4292252767086029, -0.42934219002723695, -0.4292290645837784, -0.42923738837242126, -0.429273846745491, -0.42956104755401614, -0.4293894952535629, -0.4294982898235321, -0.4295895743370056, -0.4296838188171387, -0.4294989663362503, -0.42936432421207427, -0.42928279578685763, -0.42927108466625213, -0.42935225784778597, -0.42956396758556364, -0.4292508614063263, -0.4292383599281311, -0.4293282377719879, -0.42927316784858705, -0.42907956600189207, -0.42918953180313113, -0.42923782229423524, -0.4290739566087723, -0.4291713905334473, -0.4292560660839081, -0.4292127150297165, -0.4291299295425415, -0.4289121347665787, -0.4288601624965668, -0.4287230342626572, -0.42877310395240786, -0.4287563121318817, -0.4285982644557953, -0.4284014308452606, -0.42834003150463107, -0.4282738220691681, -0.42817301154136655], "_timestamp": 1716155722.7802334, "_runtime": 446.9183614253998, "_step": 0, "_wandb": {"runtime": 446}}