{"mse": 28.569061279296875, "_timestamp": 1716840696.8162556, "_runtime": 5.076944589614868, "_step": 0, "_wandb": {"runtime": 4}}