{"mse": 5.615359306335449, "_timestamp": 1716855008.765233, "_runtime": 127.45993113517761, "_step": 0, "_wandb": {"runtime": 127}}