{"mse": 1575098.125, "_timestamp": 1716856168.8639178, "_runtime": 21.9167377948761, "_step": 0, "_wandb": {"runtime": 21}}