{"mse": 5.615359306335449, "_timestamp": 1716853880.1676338, "_runtime": 63.26215171813965, "_step": 0, "_wandb": {"runtime": 62}}