{"loss": -0.4076285010576248, "mse": 0.16279439270496368, "_timestamp": 1716232858.1423242, "_runtime": 544.3751881122589, "_step": 99, "_wandb": {"runtime": 543}}