{"loss": 0.4711677372455597, "mse": 0.15920628011226653, "_timestamp": 1716572170.0781162, "_runtime": 5.788049221038818, "_step": 99, "_wandb": {"runtime": 90}}