{"mse": 9.168906211853027, "_timestamp": 1716840735.9375553, "_runtime": 8.100592374801636, "_step": 0, "_wandb": {"runtime": 7}}