{"mse": 8.320772171020508, "_timestamp": 1716851782.573059, "_runtime": 123.56715297698975, "_step": 0, "_wandb": {"runtime": 123}}