{"mse": 5.615359306335449, "_timestamp": 1716855283.9766536, "_runtime": 137.2955105304718, "_step": 0, "_wandb": {"runtime": 136}}