{"mse": 5.615359306335449, "_timestamp": 1716853735.5483625, "_runtime": 68.03966951370239, "_step": 0, "_wandb": {"runtime": 67}}