{"mse": 5.615359306335449, "_timestamp": 1716853660.8423724, "_runtime": 61.755871534347534, "_step": 0, "_wandb": {"runtime": 61}}