{"mse": 18.442302703857422, "_timestamp": 1716840819.7052786, "_runtime": 5.17621374130249, "_step": 0, "_wandb": {"runtime": 4}}