{"mse": 28.46229362487793, "_timestamp": 1716840908.0426364, "_runtime": 4.636640310287476, "_step": 0, "_wandb": {"runtime": 4}}