{"loss": 0.03261425346136093, "mse": 0.09682036191225052, "_timestamp": 1716282644.8948064, "_runtime": 6.819761276245117, "_step": 199, "_wandb": {"runtime": 22}}