{"mse": 437.75299072265625, "_timestamp": 1716856927.7305925, "_runtime": 36.63293242454529, "_step": 0, "_wandb": {"runtime": 35}}