{"mse": 13.327441215515137, "_timestamp": 1716840808.3745804, "_runtime": 4.990662336349487, "_step": 0, "_wandb": {"runtime": 4}}