{"mse": 27.21625518798828, "_timestamp": 1716855071.940356, "_runtime": 205.21573209762573, "_step": 0, "_wandb": {"runtime": 204}}