{"mse": 12.154300689697266, "_timestamp": 1716851152.9704359, "_runtime": 61.463523864746094, "_step": 0, "_wandb": {"runtime": 60}}