{"loss": -0.43075490951538087, "mse": 0.15550085991621018, "_timestamp": 1716234579.615841, "_runtime": 15.797453880310059, "_step": 99, "_wandb": {"runtime": 583}}