{"mse": 25.070222854614258, "_timestamp": 1716841004.7915888, "_runtime": 6.7798566818237305, "_step": 0, "_wandb": {"runtime": 6}}