{"mse": 24.266307830810547, "_timestamp": 1716840988.807415, "_runtime": 7.2644569873809814, "_step": 0, "_wandb": {"runtime": 6}}