{"mse": 26.968103408813477, "_timestamp": 1716840896.993417, "_runtime": 4.467741966247559, "_step": 0, "_wandb": {"runtime": 4}}