{"mse": 7.861575603485107, "_timestamp": 1716766403.800227, "_runtime": 77.27062582969666, "_step": 0, "_wandb": {"runtime": 76}}