{"mse": 29.311887741088867, "_timestamp": 1716840794.7088406, "_runtime": 4.437899589538574, "_step": 0, "_wandb": {"runtime": 3}}