{"mse": 1625.0732421875, "_timestamp": 1716856317.1107788, "_runtime": 24.523947715759277, "_step": 0, "_wandb": {"runtime": 24}}