{"mse": 39716308.0, "_timestamp": 1716856284.6011522, "_runtime": 18.352408170700073, "_step": 0, "_wandb": {"runtime": 17}}