{"mse": 29.159351348876953, "_timestamp": 1716763587.6223733, "_runtime": 11.884315252304077, "_step": 0, "_wandb": {"runtime": 11}}