{"mse": 8.707525253295898, "_timestamp": 1716766272.0395865, "_runtime": 23.337733507156372, "_step": 0, "_wandb": {"runtime": 22}}