{"mse": 29.316160202026367, "_timestamp": 1716840966.5834658, "_runtime": 5.21027684211731, "_step": 0, "_wandb": {"runtime": 4}}