{"mse": 6.740717887878418, "_timestamp": 1716840670.4011679, "_runtime": 5.176792860031128, "_step": 0, "_wandb": {"runtime": 4}}