{"mse": 5.437765121459961, "_timestamp": 1716763390.0898983, "_runtime": 12.612057447433472, "_step": 0, "_wandb": {"runtime": 12}}