{"mse": 30.166200637817383, "_timestamp": 1716858194.1574438, "_runtime": 708.7303698062897, "_step": 0, "_wandb": {"runtime": 708}}