{"mse": 189.72418212890625, "_timestamp": 1716856414.4263, "_runtime": 22.634477138519287, "_step": 0, "_wandb": {"runtime": 21}}