{"mse": 21.28714370727539, "_timestamp": 1716840774.5477333, "_runtime": 4.363366365432739, "_step": 0, "_wandb": {"runtime": 3}}