{"mse": 4.026642322540283, "_timestamp": 1716852465.2647746, "_runtime": 230.25206661224365, "_step": 0, "_wandb": {"runtime": 229}}