{"mse": 20.152441024780273, "_timestamp": 1716853105.071289, "_runtime": 117.19249415397644, "_step": 0, "_wandb": {"runtime": 116}}