{"mse": 6.699957847595215, "_timestamp": 1716766157.167146, "_runtime": 40.94816589355469, "_step": 0, "_wandb": {"runtime": 40}}