{"mse": 5.920835971832275, "_timestamp": 1716766717.934781, "_runtime": 74.54646110534668, "_step": 0, "_wandb": {"runtime": 74}}