{"mse": 25.75233268737793, "_timestamp": 1716764989.5553179, "_runtime": 137.81219291687012, "_step": 0, "_wandb": {"runtime": 137}}