{"mse": 14.176410675048828, "_timestamp": 1716765883.7345576, "_runtime": 15.247678518295288, "_step": 0, "_wandb": {"runtime": 14}}