{"mse": 24.363203048706055, "_timestamp": 1716840749.4575667, "_runtime": 6.548001766204834, "_step": 0, "_wandb": {"runtime": 6}}