{"mse": 1.5474485158920288, "loss": 1.406048631668091, "_timestamp": 1716572087.582699, "_runtime": 5.807348012924194, "_step": 99, "_wandb": {"runtime": 5}}