{"mse": 26.892131805419922, "_timestamp": 1716851822.2674036, "_runtime": 32.89931058883667, "_step": 0, "_wandb": {"runtime": 32}}