{"mse": 2794.721923828125, "_timestamp": 1716856780.2191653, "_runtime": 50.786211252212524, "_step": 0, "_wandb": {"runtime": 50}}