{"mse": 5.615359306335449, "_timestamp": 1716854720.688494, "_runtime": 61.84178805351257, "_step": 0, "_wandb": {"runtime": 61}}