{"mse": 4.987022876739502, "_timestamp": 1716851016.9717672, "_runtime": 60.63683223724365, "_step": 0, "_wandb": {"runtime": 60}}