{"mse": 96681.7734375, "_timestamp": 1716856969.0785491, "_runtime": 30.77492117881775, "_step": 0, "_wandb": {"runtime": 30}}