{"mse": 29.268051147460938, "_timestamp": 1716766021.685786, "_runtime": 23.351886987686157, "_step": 0, "_wandb": {"runtime": 22}}