{"mse": 313621.46875, "_timestamp": 1716856085.7233455, "_runtime": 18.326931476593018, "_step": 0, "_wandb": {"runtime": 17}}