{"mse": 26.860681533813477, "_timestamp": 1716851894.456096, "_runtime": 64.02167701721191, "_step": 0, "_wandb": {"runtime": 63}}