{"mse": 8.02437973022461, "_timestamp": 1716764570.6297276, "_runtime": 71.84465050697327, "_step": 0, "_wandb": {"runtime": 71}}