{"mse": 30.307836532592773, "_timestamp": 1716855284.1134531, "_runtime": 204.17826509475708, "_step": 0, "_wandb": {"runtime": 203}}