{"mse": 29.159351348876953, "_timestamp": 1716765987.2924201, "_runtime": 15.043874263763428, "_step": 0, "_wandb": {"runtime": 14}}