{"mse": 28.471853256225586, "_timestamp": 1716764026.804768, "_runtime": 20.401384115219116, "_step": 0, "_wandb": {"runtime": 19}}