{"mse": 12.070342063903809, "_timestamp": 1716851042.783815, "_runtime": 18.14329981803894, "_step": 0, "_wandb": {"runtime": 17}}