{"mse": 564415.0, "_timestamp": 1716857017.3988996, "_runtime": 31.88325262069702, "_step": 0, "_wandb": {"runtime": 31}}