{"mse": 5.615359306335449, "_timestamp": 1716855698.0692155, "_runtime": 136.34915256500244, "_step": 0, "_wandb": {"runtime": 135}}