{"mse": 23219.6796875, "_timestamp": 1716856543.7078083, "_runtime": 26.17038917541504, "_step": 0, "_wandb": {"runtime": 25}}