{"mse": 5.615359306335449, "_timestamp": 1716855425.6018121, "_runtime": 134.19744205474854, "_step": 0, "_wandb": {"runtime": 133}}