{"mse": 26.700159072875977, "_timestamp": 1716852022.4002626, "_runtime": 119.77748370170593, "_step": 0, "_wandb": {"runtime": 119}}