{"mse": 5.349425315856934, "_timestamp": 1716765852.7262464, "_runtime": 40.96938943862915, "_step": 0, "_wandb": {"runtime": 40}}