{"loss": -0.770955502986908, "mse": 0.1304279863834381, "_timestamp": 1716237149.451102, "_runtime": 5.5556159019470215, "_step": 199, "_wandb": {"runtime": 22}}