{"mse": 29.23921012878418, "_timestamp": 1716766069.7317045, "_runtime": 40.372581481933594, "_step": 0, "_wandb": {"runtime": 39}}