{"mse": 5.349425315856934, "_timestamp": 1716763462.930646, "_runtime": 37.002938985824585, "_step": 0, "_wandb": {"runtime": 36}}