{"mse": 1302.1407470703125, "_timestamp": 1716856618.3633726, "_runtime": 33.853169679641724, "_step": 0, "_wandb": {"runtime": 33}}