{"mse": 27.58298110961914, "_timestamp": 1716840883.7522805, "_runtime": 6.2571563720703125, "_step": 0, "_wandb": {"runtime": 5}}