{"mse": 29.52783966064453, "_timestamp": 1716856718.4196446, "_runtime": 397.90945053100586, "_step": 0, "_wandb": {"runtime": 397}}