{"mse": 14.494941711425781, "_timestamp": 1716840763.5026896, "_runtime": 4.479673624038696, "_step": 0, "_wandb": {"runtime": 3}}