{"mse": 75434.125, "_timestamp": 1716856663.7293391, "_runtime": 38.15615510940552, "_step": 0, "_wandb": {"runtime": 37}}