{"mse": 11.258732795715332, "_timestamp": 1716840685.7352495, "_runtime": 5.074029445648193, "_step": 0, "_wandb": {"runtime": 4}}