{"mse": 5.615359306335449, "_timestamp": 1716855137.4174068, "_runtime": 120.30122089385986, "_step": 0, "_wandb": {"runtime": 119}}