{"loss": -0.11422125995159149, "mse": 0.0649179071187973, "_timestamp": 1716572117.0880265, "_runtime": 4.9105224609375, "_step": 199, "_wandb": {"runtime": 19}}