{"mse": 14.016258239746094, "_timestamp": 1716840638.0326846, "_runtime": 4.44282865524292, "_step": 0, "_wandb": {"runtime": 3}}