{"mse": 5.69808292388916, "_timestamp": 1716765773.4272604, "_runtime": 14.75402045249939, "_step": 0, "_wandb": {"runtime": 14}}