{"mse": 29.172441482543945, "_timestamp": 1716840649.2884312, "_runtime": 4.41955828666687, "_step": 0, "_wandb": {"runtime": 3}}