{"mse": 7.39364767074585, "_timestamp": 1716765803.0697296, "_runtime": 23.335328578948975, "_step": 0, "_wandb": {"runtime": 22}}