{"mse": 976029.875, "_timestamp": 1716856344.943303, "_runtime": 21.565190076828003, "_step": 0, "_wandb": {"runtime": 21}}