{"mse": 5.144497871398926, "_timestamp": 1716763699.719915, "_runtime": 19.829478979110718, "_step": 0, "_wandb": {"runtime": 19}}