{"mse": 43.34909439086914, "_timestamp": 1716855907.0488238, "_runtime": 401.65084886550903, "_step": 0, "_wandb": {"runtime": 401}}