{"mse": 5.615359306335449, "_timestamp": 1716854651.8207672, "_runtime": 61.04804015159607, "_step": 0, "_wandb": {"runtime": 60}}