{"mse": 5.615359306335449, "_timestamp": 1716854025.0633771, "_runtime": 62.81822323799133, "_step": 0, "_wandb": {"runtime": 62}}