{"mse": 5.615359306335449, "_timestamp": 1716854375.7077775, "_runtime": 60.10909938812256, "_step": 0, "_wandb": {"runtime": 59}}