{"mse": 2415071.25, "_timestamp": 1716856112.8063812, "_runtime": 19.415961265563965, "_step": 0, "_wandb": {"runtime": 18}}