{"loss": 99, "epoch": 99, "acc": 5.225356578826904, "_timestamp": 1716156908.2907152, "_runtime": 470.4538481235504, "_step": 99, "_wandb": {"runtime": 469}}