{"mse": 30.037757873535156, "_timestamp": 1716856311.3479428, "_runtime": 395.18107986450195, "_step": 0, "_wandb": {"runtime": 394}}