{"mse": 5.615359306335449, "_timestamp": 1716853954.2476344, "_runtime": 64.01882529258728, "_step": 0, "_wandb": {"runtime": 63}}