{"mse": 4062.457275390625, "_timestamp": 1716856224.7246726, "_runtime": 20.53066658973694, "_step": 0, "_wandb": {"runtime": 19}}