{"mse": 26.916574478149414, "_timestamp": 1716840955.5039341, "_runtime": 5.301761150360107, "_step": 0, "_wandb": {"runtime": 4}}