{"mse": 5.885206699371338, "_timestamp": 1716764721.123604, "_runtime": 139.29327917099, "_step": 0, "_wandb": {"runtime": 138}}