{"mse": 29.38111686706543, "_timestamp": 1716840919.2214754, "_runtime": 4.895422458648682, "_step": 0, "_wandb": {"runtime": 4}}