{"mse": 25.449617385864258, "_timestamp": 1716767197.809376, "_runtime": 41.01034092903137, "_step": 0, "_wandb": {"runtime": 40}}