{"mse": 4.954075336456299, "_timestamp": 1716766239.8505168, "_runtime": 74.60476469993591, "_step": 0, "_wandb": {"runtime": 73}}