{"mse": 79854.953125, "_timestamp": 1716856445.0096238, "_runtime": 22.089733839035034, "_step": 0, "_wandb": {"runtime": 21}}