{"mse": 5.359146595001221, "_timestamp": 1716853588.6057935, "_runtime": 62.5126314163208, "_step": 0, "_wandb": {"runtime": 61}}