{"mse": 5.615359306335449, "_timestamp": 1716854873.877954, "_runtime": 65.42123103141785, "_step": 0, "_wandb": {"runtime": 64}}