{"mse": 8.298788070678711, "_timestamp": 1716851577.0588927, "_runtime": 31.915594816207886, "_step": 0, "_wandb": {"runtime": 31}}