{"mse": 28.594148635864258, "_timestamp": 1716764080.2095926, "_runtime": 37.128403663635254, "_step": 0, "_wandb": {"runtime": 36}}