{"mse": 4.67991304397583, "_timestamp": 1716766866.2983146, "_runtime": 140.50912857055664, "_step": 0, "_wandb": {"runtime": 139}}