{"mse": 5.615359306335449, "_timestamp": 1716854235.3951888, "_runtime": 59.876091718673706, "_step": 0, "_wandb": {"runtime": 59}}